[{"meta":{"id":"happy","uuid":"cc6fd301-d1e6-4142-aef4-a56b5abf9354","src":"learners","section":"alpha","target":{"tuuid":"bea1b580-e5aa-49c2-8823-40174d5fd750","tsrc":"collegiate"},"highlight":"yes","stems":["happy","happier","happiest","(as) happy as a clam","as happy as a clam","happy as a clam","happy medium","happy returns","happy ending","happy for"],"app-shortdef":{"hw":"happy","fl":"adjective","def":["{bc} feeling pleasure and enjoyment because of your life, situation, etc.","{bc} showing or causing feelings of pleasure and enjoyment","{bc} pleased or glad about a particular situation, event, etc."]},"offensive":false},"hwi":{"hw":"hap*py","prs":[{"ipa":"ˈhæpi","sound":{"audio":"happy001"}}]},"fl":"adjective","ins":[{"if":"hap*pi*er"},{"ifc":"-est","if":"hap*pi*est"}],"def":[{"sseq":[[["sense",{"sn":"1 a","dt":[["text","{bc}feeling pleasure and enjoyment because of your life, situation, etc. "],["vis",[{"t":"She was a very {it}happy{/it} child."},{"t":"I can see that you're not {it}happy{/it} in your work. [=I can see that you do not enjoy your work]"},{"t":"You don't look {it}happy{/it}. What's the problem?"},{"t":"We're all one big, {it}happy{/it} family here."},{"t":"I'd do anything to make/keep her {it}happy{/it}."},{"t":"She's {it}happy{/it} playing with her toys. = She's {it}happy{/it} when she plays with her toys."}]]]}],["sense",{"sn":"b","dt":[["text","{bc}showing or causing feelings of pleasure and enjoyment "],["vis",[{"t":"I could hear the children's {it}happy{/it} laughter in the other room."},{"t":"She had a very {it}happy{/it} childhood."},{"t":"They've had a very {it}happy{/it} marriage."},{"t":"remembering {it}happier{/it} times"},{"t":"a {it}happy{/it} event/occasion"},{"t":"I was glad the movie had a {phrase}happy ending{/phrase}."}]]]}],["sense",{"sn":"c","lbs":["not used before a noun"],"dt":[["text","{bc}pleased or glad about a particular situation, event, etc. "],["vis",[{"t":"We are so {it}happy{/it} that you were able to come to the party."},{"t":"They are not at all {it}happy{/it} about the rise in taxes."},{"t":"He's not {it}happy{/it} with the way the project is going."},{"t":"It's great that he won the scholarship. I'm very {phrase}happy for{/phrase} him. [=I am glad something good happened to him]"}]]]}],["sense",{"sn":"d","dt":[["text","{bc}very willing to do something"],["uns",[[["text","usually followed by {it}to + verb{/it} "],["vis",[{"t":"I would be {it}happy to assist{/it} you."}]]]]]]}]],[["sense",{"sn":"2","dt":[["uns",[[["text","used as part of a greeting or wish for someone on a special holiday or occasion "],["vis",[{"t":"{it}Happy{/it} birthday, Mom!"},{"t":"{it}Happy{/it} Holidays!"}]]]]]]}]],[["sense",{"sn":"3","lbs":["always used before a noun"],"dt":[["text","{bc}lucky or fortunate "],["vis",[{"t":"We were brought together by a series of {it}happy{/it} accidents."},{"t":"a {it}happy{/it} coincidence"}]]]}]],[["sense",{"sn":"4","lbs":["always used before a noun"],"dt":[["text","{bc}fitting or suitable "],["vis",[{"t":"a {it}happy{/it} choice of words"},{"t":"He was a {it}happy{/it} choice for chairman of the committee."}]]]}]]]}],"dros":[{"drp":"(as) happy as a clam","def":[{"sseq":[[["sense",{"dt":[["text","{dx}see {dxt|clam:1||}{/dx}"]]}]]]}]},{"drp":"happy medium","def":[{"sseq":[[["sense",{"dt":[["text","{dx}see {dxt|medium:1||}{/dx}"]]}]]]}]},{"drp":"happy returns","def":[{"sseq":[[["sense",{"dt":[["text","{dx}see {dxt|return:2||}{/dx}"]]}]]]}]}],"dxnls":["see also {dxt|trigger-happy||}"],"shortdef":["feeling pleasure and enjoyment because of your life, situation, etc.","showing or causing feelings of pleasure and enjoyment","pleased or glad about a particular situation, event, etc."]},{"meta":{"id":"happy camper","uuid":"dec68cb4-d2f7-4b17-9d47-da14e127c4f5","src":"learners","section":"alpha","target":{"tuuid":"1b4ede1e-b974-4328-8e36-80d9e12bb44c","tsrc":"collegiate"},"stems":["happy camper","happy campers"],"app-shortdef":{"hw":"happy camper","fl":"noun","def":["{it}chiefly US{/it}, {it}informal{/it} {bc} someone who is pleased or happy"]},"offensive":false},"hwi":{"hw":"happy camper"},"fl":"noun","ins":[{"il":"plural","ifc":"~ -ers","if":"happy campers"}],"gram":"count","def":[{"sseq":[[["sense",{"sls":["chiefly US","informal"],"dt":[["text","{bc}someone who is pleased or happy "],["vis",[{"t":"I was one {it}happy camper{/it} when I heard the news."}]],["uns",[[["text","often used in negative statements "],["vis",[{"t":"When she found out that the report wasn't ready, she was not a {it}happy camper{/it}. [=she was angry or upset]"}]]]]]]}]]]}],"shortdef":["someone who is pleased or happy —often used in negative statements"]},{"meta":{"id":"happy-go-lucky","uuid":"22060cbe-2cf6-4450-9c1a-abaa3fe238f7","src":"learners","section":"alpha","target":{"tuuid":"26352061-8c60-4d34-a877-81baf5236ec4","tsrc":"collegiate"},"stems":["happy-go-lucky"],"app-shortdef":{"hw":"happy-go-lucky","fl":"adjective","def":["{bc} not worried about anything"]},"offensive":false},"hwi":{"hw":"hap*py-go-lucky","prs":[{"ipa":"ˌhæpigoʊˈlʌki","sound":{"audio":"happyg01"}}]},"fl":"adjective","gram":"more ~; most ~","def":[{"sseq":[[["sense",{"dt":[["text","{bc}not worried about anything "],["vis",[{"t":"He's always been a {it}happy-go-lucky{/it} guy."},{"t":"She has a {it}happy-go-lucky{/it} disposition."}]]]}]]]}],"shortdef":["not worried about anything"]},{"meta":{"id":"happy hour","uuid":"0caa70b1-348c-4073-99c9-83bb39f010c4","src":"learners","section":"alpha","target":{"tuuid":"0553b2ad-da07-4d1c-84eb-43f1db36e008","tsrc":"collegiate"},"stems":["happy hour","happy hours"],"app-shortdef":{"hw":"happy hour","fl":"noun","def":["{bc} a time at a bar when drinks are sold at a lower price than usual"]},"offensive":false},"hwi":{"hw":"happy hour"},"fl":"noun","ins":[{"il":"plural","ifc":"~ hours","if":"happy hours"}],"gram":"count, noncount","def":[{"sseq":[[["sense",{"dt":[["text","{bc}a time at a bar when drinks are sold at a lower price than usual "],["vis",[{"t":"{it}Happy hour{/it} runs from 5:00 to 7:00."}]]]}]]]}],"shortdef":["a time at a bar when drinks are sold at a lower price than usual"]},{"meta":{"id":"trigger-happy","uuid":"b4d0a508-3b0e-4d27-8498-26fe09e9c84c","src":"learners","section":"alpha","target":{"tuuid":"19f6b8cc-3944-4342-84eb-af096de0ca10","tsrc":"collegiate"},"stems":["trigger-happy"],"app-shortdef":{"hw":"trigger-happy","fl":"adjective","def":["{it}informal + disapproving{/it} {bc} eager to fire a gun"]},"offensive":false},"hwi":{"hw":"trig*ger-hap*py","prs":[{"ipa":"ˈtrɪgɚˌhæpi","sound":{"audio":"trigge05"}}]},"fl":"adjective","gram":"more ~; most ~","def":[{"sseq":[[["sense",{"sls":["informal + disapproving"],"dt":[["text","{bc}eager to fire a gun "],["vis",[{"t":"{it}trigger-happy{/it} hunters"}]]]}]]]}],"shortdef":["eager to fire a gun"]},{"meta":{"id":"back:1","uuid":"5ad30ae4-800b-4a24-8730-5e2056326255","src":"learners","section":"alpha","target":{"tuuid":"fb0a9f98-eac6-4e03-9848-9422d78f3149","tsrc":"collegiate"},"highlight":"yes","stems":["back","back of one's hand","back of her hand","back of his hand","back of their hand","back of one's mind","back of her mind","back of his mind","back of their mind","back of the hand","backed","backless","backs","behind one's back","behind her back","behind his back","behind their back","in back of","a pat on the back","a stab in the back","at/in the back of your mind","at the back of your mind","in the back of your mind","back is to/against the wall","back is against the wall","back is to the wall","back to back","back to front","behind someone's back","behind someones back","break the back of","eyes in the back of your head","get your back up","have someone's back","have someones back","in back","on the back of","on/off your back","off your back","on your back","out back","out the back","round the back","put someone's back up","put someones back up","put your back into","scratch someone's back","scratch someones back","see the back of","stab (someone) in the back","stab in the back","stab someone in the back","the shirt off your back","turn your back","watch someone's back","watch someones back","watch your back","went behind his back","get off your back","glad/happy (etc.) to see the back of","glad etc. to see the back of","glad to see the back of","happy etc. to see the back of","happy to see the back of","i've got your back","ive got your back"],"app-shortdef":{"hw":"back:1","fl":"noun","def":["{bc} the rear part of the body {bc} the part of the body that is opposite to the stomach and chest and that goes from the neck to the top of the legs","{bc} the part of an animal that is like a person's back","{bc} the side or surface of something that is opposite the front or face {bc} the rear side or surface of something"]},"offensive":false},"hom":1,"hwi":{"hw":"back","prs":[{"ipa":"ˈbæk","sound":{"audio":"back0001"}}]},"fl":"noun","ins":[{"il":"plural","if":"backs"}],"gram":"count","def":[{"sseq":[[["sense",{"sn":"1 a","dt":[["text","{bc}the rear part of the body {bc}the part of the body that is opposite to the stomach and chest and that goes from the neck to the top of the legs "],["vis",[{"t":"She was carrying her little daughter on her {it}back{/it}."},{"t":"He injured his {it}back{/it}. = He suffered a {it}back{/it} injury."},{"t":"She has a pain in the small of her {it}back{/it}."},{"t":"an aching {it}back{/it}"},{"t":"I slapped/patted him on his/the {it}back{/it} to congratulate him."},{"t":"He broke his {it}back{/it} [={it}spine{/it}] in a fall."},{"t":"She stabbed/shot him in the {it}back{/it}."},{"t":"He had his hands behind his {it}back{/it}."}]],["text","{dx}see picture at {dxt|human||}{/dx}"]]}],["sense",{"sn":"b","dt":[["text","{bc}the part of an animal that is like a person's back "],["vis",[{"t":"a bird with a dark {it}back{/it}"},{"t":"riding on the {it}back{/it} of a horse/donkey/camel"}]],["text","{dx}see also {dxt|horseback||}{/dx}"]]}]],[["sense",{"sn":"2 a","dt":[["text","{bc}the side or surface of something that is opposite the front or face {bc}the rear side or surface of something"],["uns",[[["text","usually singular "],["vis",[{"t":"the {it}back{/it} of the head"},{"t":"the {it}back{/it} of a mirror/spoon"},{"t":"the {it}back{/it} of the hand/leg/foot"},{"t":"The book has fallen down the {it}back{/it} of the couch."}]]]]]]}],["sense",{"sn":"b","dt":[["text","{bc}the side or surface of something (such as a piece of paper) that is not usually used or seen first"],["uns",[[["text","usually singular "],["vis",[{"t":"She wrote something on the {it}back{/it} of an envelope."},{"t":"He signed his name on the {it}back{/it} of the check."}]]]]]]}],["sense",{"sn":"c","dt":[["text","{bc}a place, position, or area that is at or near the rear of something"],["uns",[[["text","usually singular "],["vis",[{"t":"He put the letter in the {it}back{/it} of the drawer."},{"t":"The kitchen is at/in the {it}back{/it} of the house and the living room is at/in the front."},{"t":"Since our plane was leaving soon we were moved to the front of the line while others remained at the {it}back{/it}."},{"t":"Please move to the {it}back{/it} of the elevator to make room for others."}]]]]]]}]],[["sense",{"sn":"3","dt":[["text","{bc}the part of a chair or seat that supports a person's back "],["vis",[{"t":"a comfortable chair with a padded {it}back{/it}"}]]]}]],[["sense",{"sn":"4 a","dt":[["text","{bc}the section of a book, magazine, etc., that includes the last pages"],["uns",[[["text","usually singular "],["vis",[{"t":"There is an index in the {it}back{/it} of the book."}]]]]]]}],["sense",{"sn":"b","dt":[["text","{bc}the part of a book's cover that can be seen when the book is on a shelf "],["vis",[{"t":"The title of the book is shown on its {it}back{/it}. [={it}spine{/it}]"}]]]}]],[["sense",{"sn":"5","sls":["sports"],"dt":[["text","{bc}a player in some games (such as soccer and American football) who is positioned behind the front line of players "],["vis",[{"t":"a defensive {it}back{/it}"}]],["text","{dx}see also {dxt|fullback||} {dxt|halfback||} {dxt|quarterback||} {dxt|running back||}{/dx}"]]}]]]}],"uros":[{"ure":"back*less","prs":[{"ipa":"ˈbækləs","sound":{"audio":"back0003"}}],"fl":"adjective","utxt":[["vis",[{"t":"a {it}backless{/it} evening gown"}]]]}],"dros":[{"drp":"a pat on the back","def":[{"sseq":[[["sense",{"dt":[["text","{dx}see {dxt|pat:1||}{/dx}"]]}]]]}]},{"drp":"a stab in the back","def":[{"sseq":[[["sense",{"dt":[["text","{dx}see {dxt|stab:1||}{/dx}"]]}]]]}]},{"drp":"at/in the back of your mind","def":[{"sseq":[[["sense",{"dt":[["text","{bc}in the part of your mind where thoughts and memories are kept"],["uns",[[["text","used to describe ideas, memories, etc., that someone has but that are not usually thought about or not perfectly remembered "],["vis",[{"t":"The thought of retiring and moving out into the country has been {it}in the back of her mind{/it} for many years."},{"t":"Somewhere {it}in the back of my mind{/it} I knew I'd met him before."}]]]]]]}]]]}]},{"drp":"back is to/against the wall","def":[{"sseq":[[["sense",{"dt":[["snote",[["t","When {it}your back is to/against the wall{/it} or {it}you have your back to/against the wall{/it} you are in a bad position in which you are forced to do something in order to avoid failure."],["vis",[{"t":"{it}With our backs to the wall{/it} we made a last desperate effort to finish on time."},{"t":"We knew that with so little time left {it}we had our backs to the wall{/it}."}]]]]]}]]]}]},{"drp":"back to back","def":[{"sseq":[[["sense",{"sn":"1","dt":[["text","{bc}with backs opposite or against each other "],["vis",[{"t":"The soldiers stood {it}back to back{/it}."}]]]}]],[["sense",{"sn":"2","dt":[["text","{bc}happening one after the other "],["vis",[{"t":"She won the annual competition two times {it}back to back{/it}. [={it}in a row{/it}]"},{"t":"I've scheduled two appointments {it}back to back{/it}."}]],["text","{dx}see also {dxt|back-to-back||}{/dx}"]]}]]]}]},{"drp":"back to front","def":[{"sseq":[[["sense",{"sls":["of a piece of clothing"],"dt":[["text","{bc}with the back where the front should be "],["vis",[{"t":"He accidentally put the sweater on {it}back to front{/it}. [={it}front to back, backwards{/it}]"}]]]}]]]}]},{"drp":"behind someone's back","def":[{"sseq":[[["sense",{"dt":[["text","{bc}without someone's knowledge {bc}in secret "],["vis",[{"t":"You shouldn't gossip about people {it}behind their back(s){/it}."},{"t":"If you have something to say, why not say it to my face instead of whispering it {it}behind my back{/it}?!"},{"t":"She {phrase}went behind his back{/phrase} and spoke directly to his supervisor."}]]]}]]]}]},{"drp":"break the back of","def":[{"sseq":[[["sense",{"dt":[["text","{bc}to get control of (something you are trying to stop or defeat) {bc}to greatly weaken or subdue (something) "],["vis",[{"t":"He says the government's new policies will {it}break the back of{/it} inflation."}]]]}]]]}]},{"drp":"eyes in the back of your head","def":[{"sseq":[[["sense",{"dt":[["text","{dx}see {dxt|eye:1||}{/dx}"]]}]]]}]},{"drp":"get your back up","def":[{"sseq":[[["sense",{"dt":[["text","{bc}to become angry or annoyed and want to fight or argue "],["vis",[{"t":"He {it}gets his back up{/it} and becomes defensive whenever someone questions his work."}]],["text","{dx}compare {dxt|put someone's back up||(below)}{/dx}"]]}]]]}]},{"drp":"have someone's back","def":[{"sseq":[[["sense",{"dt":[["text","{dx}see {dxt|watch someone's back||(below)}{/dx}"]]}]]]}]},{"drp":"in back","def":[{"sseq":[[["sense",{"dt":[["text","{bc}in an area at the back of something "],["vis",[{"t":"There was only room for one passenger in front. The rest of us sat {it}in back{/it}. [={it}in the back{/it}]"}]]]}]]]}]},{"drp":"in back of","def":[{"sseq":[[["sense",{"sls":["chiefly US"],"dt":[["text","{bc}directly behind (something or someone) "],["vis",[{"t":"There's a small yard {it}in back of{/it} the house."}]]]}]]]}]},{"drp":"on the back of","def":[{"sseq":[[["sense",{"sn":"1","dt":[["text","{bc}because of (something) "],["vis",[{"t":"Profits have increased {it}on the back of{/it} [={it}on the strength of{/it}] improved international sales."}]]]}]],[["sense",{"sn":"2","sls":["disapproving"],"dt":[["text","{bc}by using the efforts of (other people) "],["vis",[{"t":"The company has achieved record profits {it}on the back of{/it} cheap labor."}]]]}]]]}]},{"drp":"on/off your back","def":[{"sseq":[[["sense",{"dt":[["snote",[["t","Someone who is always or frequently criticizing you or telling you what to do is {it}on your back{/it} and won't {phrase}get off your back{/phrase}."],["vis",[{"t":"He says his wife is always {it}on his back{/it} about doing chores around the house."},{"t":"{it}Get off my back{/it}! I'm working as hard as I can!"},{"t":"My boss is always criticizing me. I wish I knew some way to {it}get him off my back{/it}."}]]]]]}]]]}]},{"drp":"on your back","def":[{"sseq":[[["sense",{"dt":[["snote",[["t","If you are {it}(flat) on your back{/it} you are lying with your back against the ground, on a bed, etc."],["vis",[{"t":"The accident left him (lying) {it}flat on his back{/it} (in bed) for two weeks."}]],["t","This phrase is sometimes used figuratively."],["vis",[{"t":"The stock market has been {it}flat on its back{/it} [=has been doing very poorly] in recent weeks."}]]]]]}]]]}]},{"drp":"out back","rsl":"US","vrs":[{"vl":"or chiefly British","va":"out the back"},{"vl":"or","va":"round the back"}],"def":[{"sseq":[[["sense",{"dt":[["text","{bc}in the area behind something (such as a building) "],["vis",[{"t":"In my youth we didn't have a toilet in the house but there was one {it}out back{/it}."}]]]}]]]}]},{"drp":"put someone's back up","def":[{"sseq":[[["sense",{"dt":[["text","{bc}to offend or annoy someone {bc}to make someone angry or ready to argue "],["vis",[{"t":"I don't want to question his decision because that will just {it}put his back up{/it}."}]],["text","{dx}compare {dxt|get your back up||(above)}{/dx}"]]}]]]}]},{"drp":"put your back into","def":[{"sseq":[[["sense",{"dt":[["text","{bc}to work very hard at (something) {bc}to put a lot of effort into (something) "],["vis",[{"t":"To clean that floor you'll have to {it}put your back into{/it} it."},{"t":"You'll really have to {it}put your back into{/it} this project if you want it to succeed."}]]]}]]]}]},{"drp":"scratch someone's back","def":[{"sseq":[[["sense",{"dt":[["text","{dx}see {dxt|scratch:1||}{/dx}"]]}]]]}]},{"drp":"see the back of","def":[{"sseq":[[["sense",{"dt":[["snote",[["t","In British English, to be {phrase}glad/happy (etc.) to see the back of{/phrase} someone is to be glad to see someone finally going away."],["vis",[{"t":"He's done nothing but make trouble and I'll be {it}glad to see the back of{/it} him! [=I'll be glad when he has gone]"}]]]]]}]]]}]},{"drp":"stab (someone) in the back","def":[{"sseq":[[["sense",{"dt":[["text","{dx}see {dxt|stab:2||}{/dx}"]]}]]]}]},{"drp":"the shirt off your back","def":[{"sseq":[[["sense",{"dt":[["text","{dx}see {dxt|shirt||}{/dx}"]]}]]]}]},{"drp":"turn your back","def":[{"sseq":[[["sense",{"dt":[["text","{bc}to turn so that you are facing away from someone "],["vis",[{"t":"He {it}turned his back{/it} and walked away from me."}]],["uns",[[["text","often + {it}on{/it} "],["vis",[{"t":"He {it}turned his back on{/it} me and walked away."}]]],[["text","often used figuratively "],["vis",[{"t":"His former supporters have {it}turned their backs on{/it} him. [=have abandoned him]"}]]]]]]}]]]}]},{"drp":"watch someone's back","vrs":[{"vl":"or","va":"have someone's back"}],"def":[{"sseq":[[["sense",{"dt":[["text","{bc}to protect someone who is doing something that is dangerous or risky "],["vis",[{"t":"The police officer's partner always {it}watches his back{/it}."},{"t":"Don't worry, {phrase}I've got your back{/phrase}."}]]]}]]]}]},{"drp":"watch your back","def":[{"sseq":[[["sense",{"dt":[["snote",[["t","If people tell you to {it}watch your back{/it}, they are telling you to be careful."],["vis",[{"t":"I hear the boss is in a bad mood this morning, so you'd better {it}watch your back{/it}."}]]]]]}]]]}]}],"shortdef":["the rear part of the body : the part of the body that is opposite to the stomach and chest and that goes from the neck to the top of the legs","the part of an animal that is like a person's back","the side or surface of something that is opposite the front or face : the rear side or surface of something—usually singular"]},{"meta":{"id":"clam:1","uuid":"4de18f59-790d-4e4e-ac03-be7f1c36f431","src":"learners","section":"alpha","stems":["clam","clams","(as) happy as a clam","as happy as a clam","happy as a clam"],"app-shortdef":{"hw":"clam:1","fl":"noun","def":["{bc} a type of shellfish that lives in sand or mud, has a light-colored shell with two parts, and is eaten both cooked and raw","{b}{it}clams{/it}{/b} {it}US slang{/it}, {it}somewhat old-fashioned{/it} {bc} dollars"]},"offensive":false},"hom":1,"hwi":{"hw":"clam","prs":[{"ipa":"ˈklæm","sound":{"audio":"clam0001"}}]},"fl":"noun","ins":[{"il":"plural","if":"clams"}],"def":[{"sseq":[[["sense",{"sn":"1","sgram":"count","dt":[["text","{bc}a type of shellfish that lives in sand or mud, has a light-colored shell with two parts, and is eaten both cooked and raw "],["vis",[{"t":"steamed {it}clams{/it}"},{"t":"{it}clam{/it} chowder"}]],["text",""]]}]],[["sense",{"sn":"2","bnote":"clams","sgram":"plural","sls":["US slang","somewhat old-fashioned"],"dt":[["text","{bc}dollars "],["vis",[{"t":"He won 20 {it}clams{/it} [=(more commonly) {it}bucks{/it}] playing poker."}]]]}]]]}],"dros":[{"drp":"(as) happy as a clam","def":[{"sseq":[[["sense",{"sls":["US","informal"],"dt":[["text","{bc}very happy "],["vis",[{"t":"She spent the afternoon reading and was {it}as happy as a clam{/it}."}]]]}]]]}]}],"shortdef":["a type of shellfish that lives in sand or mud, has a light-colored shell with two parts, and is eaten both cooked and raw","dollars"]},{"meta":{"id":"medium:1","uuid":"164f05f6-970f-4b10-b59d-9de22442406a","src":"learners","section":"alpha","target":{"tuuid":"c295fa45-8515-47c4-840e-7ebbdaf1088b","tsrc":"collegiate"},"highlight":"yes","stems":["medium","mediums","media","happy medium"],"app-shortdef":{"hw":"medium:1","fl":"noun","def":["{bc} something that is sold in a medium size {bc} something that is the middle size when compared with things that are larger and smaller","{bc} a particular form or system of communication (such as newspapers, radio, or television)","{bc} the materials or methods used by an artist"]},"offensive":false},"hom":1,"hwi":{"hw":"me*di*um","prs":[{"ipa":"ˈmiːdijəm","sound":{"audio":"medium01"}}]},"fl":"noun","ins":[{"il":"plural","if":"me*di*ums"},{"il":"or","if":"me*dia","prs":[{"ipa":"ˈmiːdijə","sound":{"audio":"medium02"}}]}],"gram":"count","def":[{"sseq":[[["sense",{"sn":"1","ins":[{"il":"plural","if":"mediums"}],"dt":[["text","{bc}something that is sold in a medium size {bc}something that is the middle size when compared with things that are larger and smaller "],["vis",[{"t":"I take a {it}medium{/it}."},{"t":"These shirts are all {it}mediums{/it} and I take a large."},{"t":"Make my French fries a {it}medium{/it}."}]]]}]],[["sense",{"sn":"2","ins":[{"il":"plural usually","if":"media"}],"dt":[["text","{bc}a particular form or system of communication (such as newspapers, radio, or television) "],["vis",[{"t":"an effective advertising {it}medium{/it} = an effective {it}medium{/it} for advertising"}]],["text","{dx}see also {dxt|media||}{/dx}"]]}]],[["sense",{"sn":"3","dt":[["text","{bc}the materials or methods used by an artist "],["vis",[{"t":"Her preferred {it}medium{/it} is sculpture."},{"t":"The artist works in two {it}media/mediums{/it}, pencil and watercolor."}]]]}]],[["sense",{"sn":"4","dt":[["text","{bc}the thing by which or through which something is done "],["vis",[{"t":"Money is a {it}medium{/it} [={it}means{/it}] of exchange."},{"t":"English is an important {it}medium{/it} of international communication."}]]]}]],[["sense",{"sn":"5","ins":[{"il":"plural","if":"mediums"}],"dt":[["text","{bc}a person who claims to be able to communicate with the spirits of dead people "],["vis",[{"t":"She visited a {it}medium{/it} to try to talk to her dead son."}]]]}]],[["sense",{"sn":"6","sls":["formal"],"dt":[["text","{bc}a surrounding condition or environment "],["vis",[{"t":"Ocean fish live in a {it}medium{/it} of salt water."}]]]}]]]}],"dros":[{"drp":"happy medium","def":[{"sseq":[[["sense",{"dt":[["text","{bc}a good choice or condition that avoids any extremes "],["vis",[{"t":"They are looking for a {it}happy medium{/it}: a house that is not too big but that has lots of storage space."},{"t":"The car's designers have found/struck a {it}happy medium{/it} between affordability and luxury."}]]]}]]]}]}],"shortdef":["something that is sold in a medium size : something that is the middle size when compared with things that are larger and smaller","a particular form or system of communication (such as newspapers, radio, or television)","the materials or methods used by an artist"]},{"meta":{"id":"put:1","uuid":"f14ffa7c-9ca6-4988-b2b0-6204ce542043","src":"learners","section":"alpha","target":{"tuuid":"aed5cc51-547f-4687-b86a-93024616683f","tsrc":"collegiate"},"highlight":"yes","stems":["put","put forth","put forward","put in mind","put one's finger on","put her finger on","put his finger on","put their finger on","put one's foot down","put her foot down","put his foot down","put their foot down","put one's foot in one's mouth","put her foot in her mouth","put his foot in his mouth","put their foot in their mouth","put paid to","put the arm on","put the bite on","put the finger on","put the make on","put to bed","put to it","put together","puts","puts together","putting","putting together","i wouldn't put it past (someone)","i wouldn't put it past","i wouldn't put it past someone","i wouldnt put it past (someone)","i wouldnt put it past","i wouldnt put it past someone","put about","put across","put a foot wrong","put aside","put at","put away","put back","put before","put behind","put by","put down","put in","put into","put it there","put her there","put off","put on","put out","put over","put (someone) in mind of","put in mind of","put someone in mind of","put through","put to death","put up","put pen to paper","put us at ease","out of your mind","out of its misery","out of business","put him out of a job","put him out of work","to bed","put to use","put it to good use","to put it bluntly","to put it mildly","put her feelings into words","put it away","puts himself down","put down the phone","put the phone down on him","putting in a good word for","put in your two cents","put in a call to","put in an appearance","put her heart into","put me off him","put on a happy/brave face","put on a brave face","put on a happy face","put the word out","put through its paces"],"app-shortdef":{"hw":"put:1","fl":"verb","def":["{bc} to cause (someone or something) to be in a particular place or position","{bc} to cause (something) to go into or through something in a forceful way","{bc} to cause (someone) to be in a particular place or send (someone) to a particular place"]},"offensive":false},"hom":1,"hwi":{"hw":"put","prs":[{"ipa":"ˈpʊt","sound":{"audio":"put00001"}}]},"fl":"verb","ins":[{"if":"puts"},{"if":"put"},{"if":"put*ting"}],"gram":"+ obj","def":[{"sseq":[[["sen",{"sn":"1","lbs":["always followed by an adverb or preposition"]}],["sense",{"sn":"a","dt":[["text","{bc}to cause (someone or something) to be in a particular place or position "],["vis",[{"t":"She {it}put{/it} [={it}placed, set{/it}] the plant near the window."},{"t":"{it}Put{/it} the car in the garage."},{"t":"I {it}put{/it} the keys on the table."},{"t":"He {it}put{/it} his arms around her and held her tight."}]]]}],["sense",{"sn":"b","dt":[["text","{bc}to cause (something) to go into or through something in a forceful way "],["vis",[{"t":"He fell and accidentally {it}put{/it} his hand through a window."}]]]}],["sense",{"sn":"c","dt":[["text","{bc}to cause (someone) to be in a particular place or send (someone) to a particular place "],["vis",[{"t":"The illness {it}put{/it} her in the hospital for three days."},{"t":"They {it}put{/it} her in prison for forgery."},{"t":"Her parents decided to {it}put{/it} her in a special school for deaf children."},{"t":"If she drove 55 mph for 20 minutes, that would {it}put{/it} her about halfway there by now."}]]]}],["sense",{"sn":"d","dt":[["text","{bc}to show that (someone or something) is in a particular place "],["vis",[{"t":"The evidence/report {it}puts{/it} the defendant at the scene of the crime. [=it shows that the defendant was at the scene of the crime]"}]]]}]],[["sense",{"sn":"2","dt":[["text","{bc}to write (something) with a pen or pencil in or on something "],["vis",[{"t":"Don't forget to {it}put{/it} your signature on the check."},{"t":"He {it}put{/it} his phone number on a napkin."},{"t":"{it}Put{/it} a circle around the correct answer."},{"t":"I wrote that the answer was option B. What did you {it}put{/it}?"},{"t":"She had always dreamed of writing a novel, but she never actually {phrase}put pen to paper{/phrase}. [=started writing]"}]]]}]],[["sense",{"sn":"3","lbs":["always followed by an adverb or preposition"],"dt":[["text","{bc}to cause (someone or something) to be in a particular state or condition "],["vis",[{"t":"Not exercising {it}puts{/it} you at greater risk of developing heart disease."},{"t":"{it}Put{/it} the TV on channel 5, please."},{"t":"Who {it}put{/it} you in charge/command/control?"},{"t":"I told her some jokes to {it}put{/it} her in/into a good mood."},{"t":"His careless spending {it}put{/it} him in/into debt."},{"t":"Their actions have {it}put{/it} them in serious danger."},{"t":"Her reassuring words {phrase}put us at ease{/phrase}. [=made us feel calm and relaxed]"},{"t":"{phrase}Put{/phrase} that idea {phrase}out of your mind{/phrase}. [=stop thinking about that idea]"},{"t":"They said they shot the injured horse to {phrase}put{/phrase} it {phrase}out of its misery{/phrase}. [=so that it would not continue to suffer]"},{"t":"They have {phrase}put{/phrase} their competitors {phrase}out of business{/phrase}."},{"t":"The new technology could {phrase}put him out of a job{/phrase}. = It could {phrase}put him out of work{/phrase}. [=it could make him lose his job]"},{"t":"He's {phrase}putting{/phrase} the children {phrase}to bed{/phrase}. [=helping them get into their beds]"}]]]}]],[["sen",{"sn":"4","lbs":["always followed by an adverb or preposition"]}],["sense",{"sn":"a","dt":[["text","{bc}to cause (someone or something) to do work or perform a task"],["uns",[[["text","often + {it}to{/it} "],["vis",[{"t":"She {it}put{/it} the kids {it}to{/it} work cleaning the basement."}]]]]]]}],["sense",{"sn":"b","dt":[["text","{bc}to use (something) "],["vis",[{"t":"They are ready to {it}put{/it} the plan in action/motion."},{"t":"{it}putting{/it} an idea into action/effect/practice"},{"t":"The new weapon was immediately {phrase}put to use{/phrase} by the military."},{"t":"I don't need this camera, but maybe you can {phrase}put it to good use{/phrase}."}]]]}]],[["sense",{"sn":"5","lbs":["always followed by an adverb or preposition"],"dt":[["text","{bc}to cause (something) to have an effect on someone or something"],["uns",[[["text","usually + {it}on{/it} "],["vis",[{"t":"He {it}puts{/it} [={it}places{/it}] great emphasis {it}on{/it} the need for new leadership. [=he strongly emphasizes the need for new leadership]"},{"t":"She has been {it}putting{/it} pressure {it}on{/it} us to finish the project early."},{"t":"Another child would {it}put{/it} a heavy strain {it}on{/it} their finances. [=would strain their finances very much]"},{"t":"A special tax/duty/surcharge was {it}put on{/it} luxury items."},{"t":"They want to {it}put{/it} a limit {it}on{/it} government spending."}]]]]]]}]],[["sense",{"sn":"6","dt":[["text","{bc}to say or express (something) "],["vis",[{"t":"As she {it}put{/it} it, {ldquo}You can't please everyone.{rdquo}"},{"t":"How should I {it}put{/it} this? I don't think you're cut out for this job."},{"t":"Well {it}put{/it}!"},{"t":"Let me {it}put{/it} it another way."},{"t":"I think you're incompetent, {phrase}to put it bluntly{/phrase}."},{"t":"It was a difficult experience, {phrase}to put it mildly{/phrase}. [=it was a very difficult experience]"},{"t":"She finds it hard to {phrase}put her feelings into words{/phrase}. [=to say what her feelings are]"}]]]}]],[["sen",{"sn":"7","lbs":["always followed by an adverb or preposition"]}],["sense",{"sn":"a","dt":[["text","{bc}to ask (a question) or make (a suggestion) to someone "],["vis",[{"t":"Let me {it}put{/it} this question to you [=let me ask you this question]: what do we do now?"},{"t":"I {it}put{/it} my plan/proposal before the board of directors for consideration."}]]]}],["sense",{"sn":"b","dt":[["text","{bc}to ask a group of people to formally vote on (something) "],["vis",[{"t":"They plan on {it}putting{/it} the motion/resolution to a/the vote this afternoon."}]]]}]],[["sense",{"sn":"8","dt":[["text","{bc}to add music to (words) "],["vis",[{"t":"She writes the lyrics and he {it}puts{/it} [={it}sets{/it}] them to music."}]]]}]],[["sense",{"sn":"9","sls":["sports"],"dt":[["text","{bc}to throw (a shot put)"]]}]]]}],"dros":[{"drp":"I wouldn't put it past (someone)","def":[{"sseq":[[["sense",{"dt":[["text","{dx}see {dxt|past:2||}{/dx}"]]}]]]}]},{"drp":"put about","gram":"phrasal verb","def":[{"sseq":[[["sense",{"sn":"1","phrasev":[{"pva":"put (something) about"},{"pvl":"or","pva":"put about (something)"}],"sls":["British"],"dt":[["text","{bc}to tell many people about (something) "],["vis",[{"t":"They {it}put about{/it} the news that he was resigning. = They {it}put{/it} it {it}about{/it} that he was resigning."}]]]}]],[["sense",{"sn":"2 a","sls":["of a boat or ship"],"dt":[["text","{bc}to change direction "],["vis",[{"t":"The ship {it}put about{/it} and sailed back out to sea."}]]]}],["sense",{"sn":"b","phrasev":[{"pva":"put (something) about"}],"dt":[["text","{bc}to cause (a boat or ship) to change direction "],["vis",[{"t":"a boat that can be {it}put about{/it} quickly"}]]]}]]]}]},{"drp":"put across","gram":"phrasal verb","def":[{"sseq":[[["sense",{"sn":"1","phrasev":[{"pva":"put (something) across"},{"pvl":"or","pva":"put across (something)"}],"dt":[["text","{bc}to cause (something) to be clearly understood {bc}to get (something) across "],["vis",[{"t":"She has had trouble {it}putting{/it} her message {it}across{/it} to voters."}]]]}]],[["sense",{"sn":"2","phrasev":[{"pva":"put (yourself) across as (something)"}],"dt":[["text","{bc}to cause (yourself) to appear to be (a particular type of person) "],["vis",[{"t":"He tries to {it}put himself across as{/it} [=to make other people believe that he is] a nice guy."}]]]}]]]}]},{"drp":"put a foot wrong","def":[{"sseq":[[["sense",{"dt":[["text","{dx}see {dxt|foot:1||}{/dx}"]]}]]]}]},{"drp":"put aside","gram":"phrasal verb","def":[{"sseq":[[["sense",{"sphrasev":{"phrs":[{"pva":"put (something) aside"},{"pvl":"or","pva":"put aside (something)"}]},"sn":"1","dt":[["text","{bc}to save or keep (something, such as money) to be used at a later time "],["vis",[{"t":"She's been {it}putting aside{/it} some money for a vacation."},{"t":"Can you {it}put{/it} a few minutes {it}aside{/it} for a short meeting?"}]]]}]],[["sense",{"sn":"2","dt":[["text","{bc}to stop worrying or thinking about (something) "],["vis",[{"t":"We need to {it}put{/it} these problems {it}aside{/it} for now and get the work done."},{"t":"It's time to {it}put aside{/it} our differences and start working together."}]]]}]]]}]},{"drp":"put at","gram":"phrasal verb","def":[{"sseq":[[["sense",{"sphrasev":{"phrs":[{"pva":"put (something) at (something)"}]},"dt":[["text","{bc}to guess or estimate (something) to be (something) "],["vis",[{"t":"The coroner {it}put{/it} his time of death {it}at{/it} 7:00. [=the coroner estimated that the time of his death was 7:00]"},{"t":"Recent estimates {it}put{/it} the number of unreported cases {it}at{/it} 2,000 each year."}]]]}]]]}]},{"drp":"put away","gram":"phrasal verb","def":[{"sseq":[[["sen",{"sn":"1","phrasev":[{"pva":"put (something) away"},{"pvl":"or","pva":"put away (something)"}]}],["sense",{"sn":"a","dt":[["text","{bc}to return (something) to the place where it belongs "],["vis",[{"t":"He washed, dried, and {it}put away{/it} the dishes after dinner."},{"t":"She {it}put{/it} the pictures {it}away{/it} for safekeeping."},{"t":"{it}Put{/it} your notes {it}away{/it}. It's time for the test."}]]]}],["sense",{"sn":"b","dt":[["text","{bc}to save or keep (something, such as money) to be used at a later time "],["vis",[{"t":"Her parents started {it}putting away{/it} money for her education the year she was born."}]]]}],["sense",{"sn":"c","sls":["informal"],"dt":[["text","{bc}to eat (a large amount of food) "],["vis",[{"t":"I used to {it}put away{/it} huge meals before I went on a diet."},{"t":"That guy can really {phrase}put it away{/phrase}!"}]]]}]],[["sense",{"sn":"2","phrasev":[{"pva":"put (someone) away"},{"pvl":"or","pva":"put away (someone)"}],"sls":["informal"],"dt":[["text","{bc}to cause (someone) to be kept in a prison or mental hospital "],["vis",[{"t":"He's a vicious criminal. I hope they {it}put{/it} him {it}away{/it} for the rest of his life."}]]]}]]]}]},{"drp":"put back","gram":"phrasal verb","def":[{"sseq":[[["sense",{"sphrasev":{"phrs":[{"pva":"put (something) back"},{"pvl":"or","pva":"put back (something)"}]},"sn":"1","dt":[["text","{bc}to return (something) to the place where it belongs "],["vis",[{"t":"Remember to {it}put{/it} the vacuum cleaner {it}back{/it} in the closet after you've used it."},{"t":"The books had been {it}put back{/it} neatly on the shelf."}]]]}]],[["sense",{"sn":"2","sls":["British"],"dt":[["text","{bc}to change (a planned event) to start at a later date or time "],["vis",[{"t":"They {it}put back{/it} [={it}pushed back{/it}, {it}postponed{/it}] the game until next week."},{"t":"The meeting has been {it}put back{/it} from 1 p.m. to 3 p.m."}]]]}]]]}]},{"drp":"put before","gram":"phrasal verb","def":[{"sseq":[[["sense",{"sphrasev":{"phrs":[{"pva":"put (something) before (someone or something)"}]},"dt":[["text","{bc}to ask (a person or group) to make a decision about (something) "],["vis",[{"t":"The problem of downtown parking was {it}put before{/it} the mayor/council."},{"t":"We should {it}put{/it} this question {it}before{/it} the voters."}]]]}]]]}]},{"drp":"put behind","gram":"phrasal verb","def":[{"sseq":[[["sense",{"sphrasev":{"phrs":[{"pva":"put (something) behind you"}]},"dt":[["text","{bc}to stop worrying about or being upset by (something that happened in the past) "],["vis",[{"t":"It was a disappointing loss, but we need to {it}put it behind us{/it} and focus on winning the next game."},{"t":"{it}Put{/it} the past {it}behind you{/it}."}]]]}]]]}]},{"drp":"put by","gram":"phrasal verb","def":[{"sphrasev":{"phrs":[{"pva":"put (something) by"},{"pvl":"or","pva":"put by (something)"}]},"sseq":[[["sense",{"sls":["chiefly British"],"dt":[["text","{bc}to save (money) for a later time "],["vis",[{"t":"She has {it}put{/it} some money {it}by{/it} [={it}put aside{/it}] for emergencies."}]]]}]]]}]},{"drp":"put down","gram":"phrasal verb","def":[{"sseq":[[["sen",{"sn":"1","phrasev":[{"pva":"put (someone or something) down"},{"pvl":"also","pva":"put down (someone or something)"}]}],["sense",{"sn":"a","dt":[["text","{bc}to place (someone or something that you have been holding or carrying) on a table, on the floor, etc. "],["vis",[{"t":"She carefully {it}put{/it} the vase {it}down{/it} on the table."},{"t":"The police ordered him to {it}put down{/it} the gun."},{"t":"I don't need you to carry me. {it}Put{/it} me {it}down{/it}!"}]]]}],["sense",{"sn":"b","dt":[["text","{bc}to add (someone or something) to a list "],["vis",[{"t":"Don't forget to {it}put down{/it} milk and bread on the shopping list."}]]]}],["sense",{"sn":"c","sls":["informal"],"dt":[["text","{bc}to say critical or insulting things about (someone or something) "],["vis",[{"t":"He frequently {it}puts down{/it} her work."},{"t":"Her parents are always {it}putting{/it} her {it}down{/it}."},{"t":"He {phrase}puts himself down{/phrase} a lot, but he's really quite an attractive man."}]],["text","{dx}see also {dxt|put-down||}{/dx}"]]}]],[["sen",{"sn":"2","phrasev":[{"pva":"put (something) down"},{"pvl":"or","pva":"put down (something)"}]}],["sense",{"sn":"a","dt":[["text","{bc}to write (something) {bc}to record (something) in writing "],["vis",[{"t":"She says that the reporter {it}put{/it} her quote {it}down{/it} incorrectly."},{"t":"Every night, he {it}puts{/it} his thoughts {it}down{/it} in a journal."},{"t":"I need to {it}put down{/it} my thoughts on paper before I forget them."},{"t":"What answer did you {it}put down{/it} on the test?"}]]]}],["sense",{"sn":"b","dt":[["text","{bc}to give (an amount of money) as a first payment when you are buying something that costs a lot of money "],["vis",[{"t":"We {it}put{/it} 10 percent {it}down{/it} on the house. = We {it}put down{/it} a 10 percent deposit on the house."},{"t":"{it}Put{/it} no money {it}down{/it} and pay no interest on the car until next year."}]]]}],["sense",{"sn":"c","dt":[["text","{bc}to put (something) in place on the floor or ground "],["vis",[{"t":"{it}Putting down{/it} [={it}installing{/it}] a new hardwood floor would greatly increase the value of your home."},{"t":"We {it}put down{/it} a layer of mulch in the rose garden."}]]]}],["sense",{"sn":"d","dt":[["text","{bc}to stop (a violent or dangerous activity) by using force "],["vis",[{"t":"Federal troops were brought in to help {it}put down{/it} the riot."},{"t":"{it}put down{/it} a rebellion/revolt/uprising"}]]]}],["sense",{"sn":"e","dt":[["text","{bc}to kill (an animal) in a way that causes it little pain usually because it is injured or sick "],["vis",[{"t":"They had to have their dog {it}put down{/it} [={it}put to sleep{/it}] by the vet."}]]]}],["sense",{"sn":"f","sls":["British"],"dt":[["text","{bc}to end a telephone connection "],["vis",[{"t":"She said goodbye and {phrase}put down the phone{/phrase}. [={it}hung up the phone{/it}]"},{"t":"She {phrase}put the phone down on him{/phrase}. [=she hung up the phone while he was still talking to her]"}]]]}],["sense",{"sn":"g","sls":["British"],"dt":[["text","{bc}to formally suggest (something) as an idea to be discussed and voted on by a group of people {bc}to propose or introduce (something) "],["vis",[{"t":"{it}putting down{/it} an amendment in Parliament"}]]]}]],[["sense",{"sn":"3","phrasev":[{"pva":"put down"},{"pvl":"or","pva":"put (something) down"},{"pvl":"or","pva":"put down (something)"}],"sls":["chiefly British"],"dt":[["text","{bc}to land or to cause (an airplane) to land "],["vis",[{"t":"Our plane {it}put down{/it} [={it}landed{/it}] in New York around 2 p.m."},{"t":"The pilot was forced to {it}put{/it} [={it}set{/it}] the plane {it}down{/it} in a field."}]]]}]],[["sense",{"sn":"4","phrasev":[{"pva":"put (someone) down"},{"pvl":"or","pva":"put down (someone)"}],"dt":[["text","{bc}to place (a baby or child) in a bed to sleep "],["vis",[{"t":"He {it}put{/it} the baby {it}down{/it} (in her crib) for a nap."}]]]}]],[["sense",{"sn":"5","phrasev":[{"pva":"put (someone) down as (something)"}],"dt":[["text","{bc}to think of (someone) as (a specified kind of person or thing) "],["vis",[{"t":"Most people {it}put{/it} him {it}down as{/it} [=believe that he is] a fanatic."}]]]}]],[["sense",{"sn":"6","phrasev":[{"pva":"put (someone) down for (something)"}],"dt":[["text","{bc}to write the name of (someone) on a list of people who will do or give (something) "],["vis",[{"t":"Can I {it}put you down for{/it} a donation? [=can I write that you will give a donation?]"},{"t":"Sure, {it}put me down for{/it} $20."}]]]}]],[["sense",{"sn":"7","phrasev":[{"pva":"put (something) down to (something)"}],"dt":[["text","{bc}to say or think that (something) happened because of (something) "],["vis",[{"t":"Let's {it}put{/it} the mistake {it}down to{/it} your inexperience and forget about it."},{"t":"The mistake was {it}put down to{/it} [={it}attributed to{/it}] his inexperience."}]]]}]]]}]},{"drp":"put forth","gram":"phrasal verb","def":[{"sls":["somewhat formal"],"sseq":[[["sense",{"sphrasev":{"phrs":[{"pva":"put forth (something)"},{"pvl":"or","pva":"put (something) forth"}]},"sn":"1","dt":[["text","{bc}to suggest (an idea, plan, etc.) for people to think about or consider "],["vis",[{"t":"The same argument has been {it}put forth{/it} by many people in the opposition."},{"t":"I would like to {it}put forth{/it} some alternatives."},{"t":"{it}putting forth{/it} a plan/proposal/theory"}]]]}]],[["sense",{"sn":"2","dt":[["text","{bc}to use (something, such as energy) for a particular purpose "],["vis",[{"t":"She {it}put forth{/it} all her energy to win the race."},{"t":"They {it}put forth{/it} a good effort."}]]]}]],[["sense",{"sn":"3","sls":["of a plant"],"dt":[["text","{bc}to produce or send out (something) by growing "],["vis",[{"t":"The trees are starting to {it}put forth{/it} new leaves."}]]]}]]]}]},{"drp":"put forward","gram":"phrasal verb","def":[{"sseq":[[["sense",{"sphrasev":{"phrs":[{"pva":"put (something) forward"},{"pvl":"or","pva":"put forward (something)"}]},"sls":["somewhat formal"],"dt":[["text","{bc}to suggest (something) for consideration {bc}{sx|propose||} "],["vis",[{"t":"He {it}put forward{/it} [={it}put forth{/it}] a theory about how the accident may have occurred."}]]]}]]]}]},{"drp":"put in","gram":"phrasal verb","def":[{"sseq":[[["sen",{"sn":"1","phrasev":[{"pva":"put (something) in"},{"pvl":"or","pva":"put in (something)"}]}],["sense",{"sn":"a","dt":[["text","{bc}to make (something) ready to be used in a certain place {bc}{sx|install||} "],["vis",[{"t":"We {it}put in{/it} new cabinets just last year."},{"t":"In order to fix the car they have to {it}put in{/it} a new engine."}]]]}],["sense",{"sn":"b","dt":[["text","{bc}to add (a comment) to a conversation or argument "],["vis",[{"t":"She {it}put{/it} a quick comment {it}in{/it} about her busy schedule."},{"t":"I'd like to {it}put in{/it} a few words on his behalf. [=to say something that supports him]"},{"t":"Would you mind {phrase}putting in a good word for{/phrase} me? [=would you say something good about me?]"},{"t":"You will each have a chance to {phrase}put in your two cents{/phrase}. [=to express your opinion]"}]]]}],["sense",{"sn":"c","dt":[["text","{bc}to make an official statement, offer, or request "],["vis",[{"t":"She {it}put in{/it} a plea of not guilty. [=she pleaded not guilty]"},{"t":"I need to {it}put in{/it} [={it}make, submit{/it}] a report about this."},{"t":"You have two weeks to {it}put in{/it} [={it}submit{/it}] a claim with the insurance company."},{"t":"They are {it}putting in{/it} [={it}making{/it}] a $300,000 offer for the house."},{"t":"I'd like to {it}put in{/it} [={it}place{/it}] an order for a dozen roses."},{"t":"Contractors have begun {it}putting in{/it} bids for the job."}]]]}],["sense",{"sn":"d","dt":[["text","{bc}to perform (a particular action) "],["vis",[{"t":"They {it}put in{/it} an amazing performance last night."},{"t":"The prime minister {phrase}put in a call to{/phrase} [={it}called{/it}] the White House."},{"t":"I won't be able to stay at the party long, but I'll at least try to {phrase}put in an appearance{/phrase}. [=to go to the party for a short time]"}]]]}],["sense",{"sn":"e","dt":[["text","{bc}to work or do something for (an amount of time) "],["vis",[{"t":"She {it}put in{/it} 10 hours at the office yesterday."},{"t":"She {it}put in{/it} a long day at work."},{"t":"He has {it}put in{/it} his time (in jail), and now he is a free man."}]]]}]],[["sense",{"sn":"2","phrasev":[{"pva":"put in (something)"},{"pvl":"or","pva":"put (something) in (something)"}],"dt":[["text","{bc}to use (a certain amount of energy or effort) when doing something "],["vis",[{"t":"If we {it}put in{/it} a little more effort, we could finish by this afternoon."},{"t":"He {it}puts{/it} a lot of energy {it}in{/it} his performances."}]]]}]],[["sen",{"sn":"3","phrasev":[{"pva":"put (something) in (something)"}]}],["sense",{"sn":"a","dt":[["text","{bc}to invest (money) into (something) "],["vis",[{"t":"She {it}put{/it} her money {it}in{/it} stocks and bonds."}]]]}],["sense",{"sn":"b","dt":[["uns",[[["text","used to say what causes you to have faith, confidence, etc. "],["vis",[{"t":"He {it}puts{/it} his faith {it}in{/it} reason/science."},{"t":"{it}putting{/it} her trust {it}in{/it} God"}]]]]]]}]],[["sense",{"sn":"4","phrasev":[{"pva":"put in for (something)"}],"dt":[["text","{bc}to ask for (something) in an official way {bc}to formally request (something) "],["vis",[{"t":"He {it}put in for{/it} a leave of absence."},{"t":"{it}putting in for{/it} a promotion"}]]]}]],[["sense",{"sn":"5","sls":["of a boat or ship"],"dt":[["text","{bc}to enter a harbor or port "],["vis",[{"t":"The ship {it}put in{/it} at Sydney."}]]]}]]]}]},{"drp":"put into","gram":"phrasal verb","def":[{"sseq":[[["sense",{"sphrasev":{"phrs":[{"pva":"put (something) into (something)"}]},"sn":"1","dt":[["text","{bc}to use (a certain amount of energy or effort) when doing (something) "],["vis",[{"t":"He {it}puts{/it} a lot of energy {it}into{/it} his performances."},{"t":"She {phrase}put her heart into{/phrase} (writing) the letter. [=she expressed her feelings in a very open and honest way]"}]]]}]],[["sense",{"sn":"2","dt":[["text","{bc}to invest (time, money, etc.) in (something) "],["vis",[{"t":"They {it}put{/it} their entire life savings {it}into{/it} the company."},{"t":"We {it}put{/it} a lot of money {it}into{/it} (fixing up) that house."}]]]}]]]}]},{"drp":"put it there","vrs":[{"vl":"or","va":"put her there"}],"def":[{"sseq":[[["sense",{"sls":["informal + old-fashioned"],"dt":[["uns",[[["text","used to invite someone to shake hands with you "],["vis",[{"t":"{it}Put her there{/it}, pal!"}]]]]]]}]]]}]},{"drp":"put off","gram":"phrasal verb","def":[{"sseq":[[["sense",{"sn":"1","phrasev":[{"pva":"put (something) off"},{"pvl":"or","pva":"put off (something)"}],"dt":[["text","{bc}to decide that (something) will happen at a later time {bc}{sx|postpone||} "],["vis",[{"t":"The meeting has been {it}put off{/it} until next week. = We {it}put off{/it} (holding) the meeting until next week."},{"t":"I've been meaning to call him, but I keep {it}putting{/it} it {it}off{/it}."},{"t":"I've been {it}putting off{/it} calling him."}]]]}]],[["sen",{"sn":"2","phrasev":[{"pva":"put (someone) off"},{"pvl":"or","pva":"put off (someone)"}]}],["sense",{"sn":"a","dt":[["text","{bc}to cause (someone) to wait "],["vis",[{"t":"I need to come up with an excuse to {it}put off{/it} the bill collector."},{"t":"She finally called him after {it}putting{/it} him {it}off{/it} all week."}]]]}],["sense",{"sn":"b","dt":[["text","{bc}to cause (someone) to dislike someone or something "],["vis",[{"t":"Don't let the restaurant's dingy appearance {it}put{/it} you {it}off{/it}—their food is great."},{"t":"I was {it}put off{/it} by his rudeness."},{"t":"({it}chiefly Brit{/it}) His rudeness {phrase}put me off him{/phrase} [=made me dislike him] at once."}]],["text","{dx}see also {dxt|off-putting||}{/dx}"]]}],["sense",{"sn":"c","sls":["British"],"dt":[["text","{bc}to allow (someone) to get off a bus or other vehicle "],["vis",[{"t":"Could you {it}put{/it} [={it}let{/it}] me {it}off{/it} (the bus) at the next stop, please?"}]]]}]]]}]},{"drp":"put on","gram":"phrasal verb","def":[{"sseq":[[["sen",{"sn":"1","phrasev":[{"pva":"put (something) on"},{"pvl":"or","pva":"put on (something)"}]}],["sense",{"sn":"a","dt":[["text","{bc}to dress yourself in (clothing) "],["vis",[{"t":"She {it}put on{/it} her new dress."},{"t":"{it}Put on{/it} a hat and gloves."},{"t":"I'll {it}put{/it} some clothes {it}on{/it} and be right there."}]]]}],["sense",{"sn":"b","dt":[["text","{bc}to apply (something) to your face or body "],["vis",[{"t":"{it}putting on{/it} lipstick/mascara/lotion"},{"t":"She {it}puts on{/it} far too much makeup."},{"t":"We tried to {phrase}put on a happy/brave face{/phrase} [=we tried to appear happy/brave] despite our concern."}]]]}],["sense",{"sn":"c","dt":[["text","{bc}to add to or increase the amount of (something) "],["vis",[{"t":"The fire was getting low and we needed to {it}put on{/it} more wood."},{"t":"She {it}put on{/it} [={it}gained{/it}] 40 pounds during her pregnancy."},{"t":"He's {it}put on{/it} some weight recently."}]]]}],["sense",{"sn":"d","dt":[["text","{bc}to cause (a machine, a light, etc.) to begin to work "],["vis",[{"t":"Would you mind if I {it}put{/it} [={it}turned{/it}] the TV {it}on{/it}?"},{"t":"Somebody {it}put on{/it} the lights."}]]]}],["sense",{"sn":"e","dt":[["text","{bc}to cause (something) to begin to be heard, seen, produced, etc. "],["vis",[{"t":"{it}put on{/it} a record/CD/album"},{"t":"{it}putting on{/it} some music"},{"t":"We {it}put on{/it} the air-conditioning/heat in the car."}]]]}],["sense",{"sn":"f","dt":[["text","{bc}to start cooking or making (something) "],["vis",[{"t":"Let me know when to {it}put on{/it} the rice."},{"t":"He {it}put on{/it} a pot of coffee for his guests."}]]]}],["sense",{"sn":"g","dt":[["text","{bc}to produce (something that entertains people, such as a play, a party, etc.) "],["vis",[{"t":"They're {it}putting on{/it} a concert."},{"t":"He always {it}puts on{/it} a great show/performance."},{"t":"The town {it}puts on{/it} a fireworks display every Independence Day."},{"t":"We are {it}putting on{/it} a barbecue for everyone in the neighborhood."}]]]}]],[["sen",{"sn":"2","phrasev":[{"pva":"put (something) on (someone or something)"}]}],["sense",{"sn":"a","dt":[["text","{bc}to say that (someone or something) is responsible for or guilty of (something) "],["vis",[{"t":"Responsibility for the accident was {it}put on{/it} the other driver."},{"t":"He {it}puts{/it} much of the blame for his problems {it}on{/it} the government."}]]]}],["sense",{"sn":"b","dt":[["text","{bc}to bet (an amount of money) on (someone or something) "],["vis",[{"t":"We {it}put{/it} $2 {it}on{/it} the favorite to win."},{"t":"{it}putting{/it} money {it}on{/it} horse races"}]]]}]],[["sense",{"sn":"3","phrasev":[{"pva":"put (someone or something) on (something)"}],"dt":[["text","{bc}to add (someone or something) to (a list or group of related things) "],["vis",[{"t":"She asked to have her name {it}put on{/it} the list of candidates."},{"t":"They {it}put{/it} her {it}on{/it} the list."},{"t":"We {it}put{/it} several new dishes {it}on{/it} the menu."},{"t":"{ldquo}Bartender, I'll have another beer.{rdquo} {ldquo}Okay, I'll {it}put{/it} it {it}on{/it} your bill.{rdquo}"}]]]}]],[["sense",{"sn":"4","phrasev":[{"pva":"put (someone) on"},{"pvl":"or","pva":"put on (someone)"}],"sls":["chiefly US","informal"],"dt":[["text","{bc}to say things that are not true to (someone) in a joking way {bc}to trick or fool (someone) for amusement "],["vis",[{"t":"He said he knew the President, but I think he was just {it}putting me on{/it}. [=({it}Brit{/it}) {it}having me on{/it}]"}]],["text","{dx}see also {dxt|put-on:2||}{/dx}"]]}]],[["sense",{"sn":"5","dt":[["uns",[[["text","used to say that you would like to speak to someone on the phone "],["vis",[{"t":"Hi Dad. Could you {it}put{/it} Mom {it}on{/it}? [=could you give Mom the phone so that I can speak to her?]"},{"t":"{it}Put{/it} Dave {it}on{/it} the phone, please."}]]]]]]}]],[["sense",{"sn":"6","phrasev":[{"pva":"put (someone) on (something)"}],"dt":[["text","{bc}to tell (someone) to use or do (something) "],["vis",[{"t":"Her doctor {it}put{/it} her {it}on{/it} medication. [=her doctor prescribed medication for her]"},{"t":"He decided to {it}put{/it} himself {it}on{/it} a diet. [=to go on a diet]"}]]]}]],[["sense",{"sn":"7","phrasev":[{"pva":"put (someone) on to (something)"}],"dt":[["text","{bc}to give (someone) information about (something) {bc}to tell (someone) about (something that he or she did not know about before) "],["vis",[{"t":"A friend of mine {it}put{/it} me {it}on to{/it} this book in high school."}]]]}]]]}]},{"drp":"put out","gram":"phrasal verb","def":[{"sseq":[[["sen",{"sn":"1","phrasev":[{"pva":"put (something) out"},{"pvl":"or","pva":"put out (something)"}]}],["sense",{"sn":"a","dt":[["text","{bc}to cause (something) to stop burning {bc}{sx|extinguish||} "],["vis",[{"t":"She {it}put{/it} the fire {it}out{/it} by pouring water on it."},{"t":"She {it}put out{/it} her cigarette in an ashtray."}]]]}],["sense",{"sn":"b","dt":[["text","{bc}to stop (something) from working "],["vis",[{"t":"Who {it}put out{/it} [={it}turned off{/it}] the lights?"}]]]}],["sense",{"sn":"c","dt":[["text","{bc}to take (something) outside and leave it there "],["vis",[{"t":"I {it}put{/it} the dog {it}out{/it} in the backyard before leaving the house."},{"t":"{it}putting{/it} horses {it}out{/it} to graze"},{"t":"({it}US{/it}) Don't forget to {it}put out{/it} the trash/garbage. = ({it}Brit{/it}) Don't forget to {it}put out{/it} the rubbish."}]]]}],["sense",{"sn":"d","dt":[["text","{bc}to extend (something) outward "],["vis",[{"t":"I {it}put out{/it} my hand and he shook it eagerly."},{"t":"She {it}put out{/it} her arm for them to stop."}]]]}],["sense",{"sn":"e","dt":[["text","{bc}to place (something) where people may use it "],["vis",[{"t":"He always {it}put out{/it} a bowl of candy for the grandchildren."},{"t":"We should {it}put out{/it} a few extra chairs in case more people arrive."}]]]}],["sense",{"sn":"f","dt":[["text","{bc}to produce (something) "],["vis",[{"t":"This small radiator {it}puts out{/it} a surprising amount of heat."},{"t":"They will have to {it}put out{/it} considerable effort to meet the deadline."},{"t":"It was early spring, and the trees were just starting to {it}put out{/it} their leaves."}]]]}],["sense",{"sn":"g","dt":[["text","{bc}to make (something) available to be bought, used, etc. "],["vis",[{"t":"She plans to {it}put out{/it} a new album in March."},{"t":"They need to be {it}putting out{/it} cars that get better gas mileage."},{"t":"The information was given in a pamphlet {it}put out{/it} by the university's health department."},{"t":"Researchers recently {it}put out{/it} a report/study on the issue."},{"t":"The police have {it}put out{/it} [={it}issued{/it}] a warrant for his arrest."},{"t":"Someone {phrase}put the word out{/phrase} [=started telling people] that the police were looking for her."}]]]}]],[["sen",{"sn":"2","phrasev":[{"pva":"put (someone) out"},{"pvl":"or","pva":"put out (someone)"}]}],["sense",{"sn":"a","dt":[["text","{bc}to annoy or bother (someone) "],["vis",[{"t":"All the attention didn't seem to {it}put{/it} her {it}out{/it} at all."},{"t":"I'm a little {it}put out{/it} that no one called to tell me they would be late."}]]]}],["sense",{"sn":"b","dt":[["text","{bc}to cause (someone) to do extra work {bc}to cause trouble for (someone) "],["vis",[{"t":"I hope my visit didn't {it}put{/it} you {it}out{/it}. [=didn't inconvenience you]"},{"t":"Please don't {it}put{/it} yourself {it}out{/it} just for us."}]]]}],["sense",{"sn":"c","dt":[["text","{bc}to make (someone) unconscious "],["vis",[{"t":"The anesthesia {it}put{/it} him {it}out{/it} for a little over three hours."}]]]}],["sense",{"sn":"d","sls":["sports"],"dt":[["text","{bc}to cause (someone) to be out in baseball or cricket "],["vis",[{"t":"The runner was {it}put out{/it} at second base."}]],["text","{dx}see also {dxt|putout||}{/dx}"]]}]],[["sense",{"sn":"3","sls":["chiefly US","informal + impolite"],"dt":[["text","{bc}to have sex with someone "],["vis",[{"t":"Did she {it}put out{/it} last night?"}]]]}]],[["sense",{"sn":"4","sls":["of a boat or ship"],"dt":[["text","{bc}to leave a harbor or port "],["vis",[{"t":"The ship {it}put out{/it} to sea."}]]]}]]]}]},{"drp":"put over","gram":"phrasal verb","def":[{"sseq":[[["sense",{"sn":"1","phrasev":[{"pva":"put (something) over"},{"pvl":"or","pva":"put over (something)"}],"dt":[["text","{bc}to cause (something) to be clearly understood {bc}to put (something) across "],["vis",[{"t":"He {it}puts over{/it} very complicated concepts in a way that his students can understand."}]]]}]],[["sense",{"sn":"2","phrasev":[{"pva":"put (yourself) over as (something)"}],"dt":[["text","{bc}to cause (yourself) to appear to be (a particular type of person) "],["vis",[{"t":"She {it}puts herself over as{/it} [=makes other people believe that she is] a modern, independent woman."}]]]}]],[["sense",{"sn":"3","phrasev":[{"pva":"put (something) over on (someone)"}],"dt":[["text","{bc}to lie about (something) to (someone) {bc}to trick or deceive someone "],["vis",[{"t":"Don't try to {it}put{/it} anything {it}over on{/it} her. She'll see right through you."}]]]}]]]}]},{"drp":"put paid to","def":[{"sseq":[[["sense",{"dt":[["text","{dx}see {dxt|paid:2||}{/dx}"]]}]]]}]},{"drp":"put (someone) in mind of","def":[{"sseq":[[["sense",{"dt":[["text","{dx}see {dxt|mind:1||}{/dx}"]]}]]]}]},{"drp":"put through","gram":"phrasal verb","def":[{"sseq":[[["sense",{"sn":"1","phrasev":[{"pva":"put (something) through"},{"pvl":"or","pva":"put through (something)"}],"dt":[["text","{bc}to cause (something) to be accepted or done successfully "],["vis",[{"t":"They {it}put through{/it} a number of reforms."},{"t":"tax cuts that were {it}put through{/it} by former administrations"},{"t":"I asked Human Resources to help me {it}put through{/it} [=to help me get] a transfer to a different department."}]]]}]],[["sense",{"sn":"2","phrasev":[{"pva":"put (someone) through (something)"}],"dt":[["text","{bc}to pay for (someone) to attend (school) "],["vis",[{"t":"She has a full-time job and is {it}putting{/it} herself {it}through{/it} college."}]]]}]],[["sense",{"sn":"3","phrasev":[{"pva":"put (someone or something) through (something)"}],"dt":[["text","{bc}to cause (someone or something) to experience (something) "],["vis",[{"t":"His doctor {it}put{/it} him {it}through{/it} a series of tests."},{"t":"She {it}put{/it} her parents {it}through{/it} a lot when she was a teenager."},{"t":"You've been {it}put through{/it} quite an ordeal."},{"t":"I've been {it}put through{/it} hell!"},{"t":"We {it}put{/it} that truck {it}through{/it} a lot when we owned it."},{"t":"The new software still needs to be {phrase}put through its paces{/phrase} [=it still needs to be tested] before it can be made available to the public."}]]]}]],[["sen",{"sn":"4","phrasev":[{"pva":"put (someone or something) through"},{"pvl":"or","pva":"put through (someone or something)"}]}],["sense",{"sn":"a","dt":[["text","{bc}to cause a phone call from (someone) to be sent to another person's phone "],["vis",[{"t":"Please hold while I {it}put{/it} you {it}through{/it} (to the manager)."}]]]}],["sense",{"sn":"b","dt":[["text","{bc}to cause (a phone call) to be sent to another person's phone "],["vis",[{"t":"Please hold while I {it}put{/it} your call {it}through{/it} (to the manager)."}]]]}]]]}]},{"drp":"put to death","def":[{"sseq":[[["sense",{"dt":[["text","{dx}see {dxt|death||}{/dx}"]]}]]]}]},{"drp":"put together","gram":"phrasal verb","def":[{"sseq":[[["sen",{"sn":"1","phrasev":[{"pva":"put (something) together"},{"pvl":"or","pva":"put together (something)"}]}],["sense",{"sn":"a","dt":[["text","{bc}to create (something) by joining or gathering parts together "],["vis",[{"t":"You'll need a screwdriver to {it}put{/it} the toy {it}together{/it}."},{"t":"They {it}put{/it} their first band {it}together{/it} when they were in high school."},{"t":"Help me {it}put together{/it} a list of what we need at the store."},{"t":"She {it}put{/it} a proposal {it}together{/it} to give to the committee for consideration."},{"t":"Her outfit was very well {it}put together{/it}. [=the parts looked good together]"}]]]}],["sense",{"sn":"b","dt":[["uns",[[["text","used to say that someone or something is greater than the total of all the other people or things mentioned "],["vis",[{"t":"You're smarter than all of those other guys {it}put together{/it}."}]]]]]]}]],[["sense",{"sn":"2","phrasev":[{"pva":"put (something) together with (something)"}],"dt":[["text","{bc}to add or combine (something) with (something) "],["vis",[{"t":"I never would have thought of {it}putting{/it} this wine {it}together with{/it} fish."},{"t":"The lack of rain {it}put together with{/it} [=along with, combined with] the heat ruined many of the region's crops."}]]]}]]]}]},{"drp":"put up","gram":"phrasal verb","def":[{"sseq":[[["sen",{"sn":"1","phrasev":[{"pva":"put (something) up"},{"pvl":"or","pva":"put up (something)"}]}],["sense",{"sn":"a","dt":[["text","{bc}to place (something) in a higher position "],["vis",[{"t":"They {it}put up{/it} the flag in the morning and take it down at night."},{"t":"Sit down. {it}Put{/it} your feet {it}up{/it} and relax."},{"t":"If you have a question, please {it}put up{/it} [={it}raise{/it}] your hand."},{"t":"Stop! {it}Put{/it} your hands {it}up{/it} (over your head)!"},{"t":"When she goes to work, she usually {it}puts{/it} her hair {it}up{/it} (in a ponytail)."}]]]}],["sense",{"sn":"b","dt":[["text","{bc}to cause (something) to be on a wall, to hang from a ceiling, etc. "],["vis",[{"t":"She went around town {it}putting up{/it} posters for the concert."},{"t":"I just {it}put up{/it} new curtains."}]]]}],["sense",{"sn":"c","dt":[["text","{bc}to set or place (something) so that it stands up "],["vis",[{"t":"{it}putting up{/it} a tent"},{"t":"They {it}put up{/it} a display of new products."},{"t":"They {it}put up{/it} a {ldquo}for sale{rdquo} sign in front of their house."}]]]}],["sense",{"sn":"d","dt":[["text","{bc}to build (something) "],["vis",[{"t":"They're {it}putting up{/it} a new office building on Main Street."},{"t":"{it}putting up{/it} a fence"}]]]}],["sense",{"sn":"e","dt":[["text","{bc}to make (something) available for people to buy or have "],["vis",[{"t":"The lamps were {it}put up{/it} at auction."}]],["uns",[[["text","often + {it}for{/it} "],["vis",[{"t":"They {it}put{/it} all of their possessions {it}up for{/it} sale."},{"t":"They {it}put{/it} the puppies {it}up for{/it} adoption."}]]]]]]}],["sense",{"sn":"f","dt":[["text","{bc}to provide (money, property, etc.) in order to pay for something "],["vis",[{"t":"They decided not to {it}put up{/it} the money for her bail."},{"t":"They {it}put up{/it} the company's assets as collateral on the loan."}]]]}],["sense",{"sn":"g","dt":[["text","{bc}to offer (something) as a prize "],["vis",[{"t":"The police have {it}put up{/it} a $1,000 reward for information leading to his capture."}]]]}],["sense",{"sn":"h","sls":["chiefly British"],"dt":[["text","{bc}to increase (something) {bc}{sx|raise||} "],["vis",[{"t":"They are likely to {it}put up{/it} interest rates again this year."}]]]}],["sense",{"sn":"i","sls":["US"],"dt":[["text","{bc}to return (something) to the place where it belongs "],["vis",[{"t":"It's time to {it}put up{/it} [={it}put away{/it}] your toys and get ready for bed."},{"t":"He washed, dried, and {it}put up{/it} the dishes after dinner."}]]]}],["sense",{"sn":"j","sls":["chiefly US"],"dt":[["text","{bc}to preserve (fruits, vegetables, etc.) to be used later {bc}{sx|can||} "],["vis",[{"t":"Their grandmother spent the afternoon {it}putting up{/it} peaches."}]]]}]],[["sen",{"sn":"2","phrasev":[{"pva":"put up (something)"}]}],["sense",{"sn":"a","dt":[["text","{bc}to do (something) as a way of resisting or struggling against someone or something "],["vis",[{"t":"We're not leaving without {it}putting up{/it} a fight. [=without fighting]"},{"t":"As expected, the kids {it}put up{/it} a fuss when we said it was time for bed."},{"t":"They are likely to {it}put up{/it} stiff resistance to any new proposals."}]]]}],["sense",{"sn":"b","dt":[["text","{bc}to offer (something) as an argument, a suggestion, etc. "],["vis",[{"t":"She {it}put up{/it} a good/solid argument in his defense."},{"t":"{it}putting up{/it} a proposal"}]]]}],["sense",{"sn":"c","dt":[["text","{bc}to score (points) "],["vis",[{"t":"They {it}put up{/it} 20 points in the first half."},{"t":"She needs to {it}put up{/it} big numbers [=to score a lot of points] in today's game."}]]]}]],[["sense",{"sn":"3 a","phrasev":[{"pva":"put (someone) up"}],"dt":[["text","{bc}to give food and shelter to (someone) {bc}to allow or pay for (someone) to stay in someone's home, a hotel, etc., for the night "],["vis",[{"t":"Could you {it}put{/it} me {it}up{/it} for the night?"},{"t":"His employers {it}put{/it} him {it}up{/it} at a hotel."},{"t":"We {it}put{/it} our guests {it}up{/it} in the spare bedroom."}]]]}],["sense",{"sn":"b","sls":["chiefly British"],"dt":[["text","{bc}to stay in someone's home, a hotel, etc., for the night "],["vis",[{"t":"He {it}put up{/it} with a friend while he was in town."},{"t":"{it}putting up{/it} at a hotel"}]]]}]],[["sense",{"sn":"4","phrasev":[{"pva":"put (someone) up"},{"pvl":"or","pva":"put up (someone)"}],"dt":[["text","{bc}to choose or suggest (someone) to be a candidate or competitor "],["vis",[{"t":"The party {it}put{/it} her {it}up{/it} (as its candidate) for governor."},{"t":"They {it}put up{/it} their best man to compete against the champion."}]]]}]],[["sense",{"sn":"5","phrasev":[{"pva":"put (someone) up to (something)"}],"dt":[["text","{bc}to convince (someone) to do (something stupid or foolish) "],["vis",[{"t":"His friends {it}put{/it} him {it}up to{/it} (playing) the prank."},{"t":"Who {it}put{/it} you {it}up{/it} to this?"}]]]}]],[["sense",{"sn":"6","phrasev":[{"pva":"put up with (something or someone)"}],"dt":[["text","{bc}to allow (someone or something unpleasant or annoying) to exist or happen {bc}{sx|tolerate||} "],["vis",[{"t":"At this school, we will not {it}put up with{/it} bad behavior."},{"t":"I can't {it}put up with{/it} much more of this."}]]]}]],[["sense",{"sn":"7","phrasev":[{"pva":"put up or shut up"}],"sls":["informal"],"dt":[["uns",[[["text","used to tell someone in a somewhat rude way to start doing something or to stop talking about it "],["vis",[{"t":"You've complained long enough. It's time to {it}put up or shut up{/it}."}]]]]]]}]]]}]}],"shortdef":["to cause (someone or something) to be in a particular place or position","to cause (something) to go into or through something in a forceful way","to cause (someone) to be in a particular place or send (someone) to a particular place"]},{"meta":{"id":"return:2","uuid":"d1eb8088-2daf-43d6-905f-6eea4672f2fc","src":"learners","section":"alpha","target":{"tuuid":"3c972f33-a0c4-465c-b836-f059243ec872","tsrc":"collegiate"},"highlight":"yes","stems":["return","in return","returns","by return","by return of post","happy returns","upon/on his return","upon his return","on his return","return home","on my return home","on her return from","return as","safe return","(income) tax return","income tax return","tax return","day return"],"app-shortdef":{"hw":"return:2","fl":"noun","def":["{bc} the act of coming or going back to the place you started from or to a place where you were before","{bc} the act of going back to an activity, job, situation, etc. {bc} the act of starting to do something again after stopping","{bc} the fact that something (such as a condition, feeling, or situation) happens again"]},"offensive":false},"hom":2,"hwi":{"hw":"return","altprs":[{"ipa":"rɪˈtɚn"}]},"fl":"noun","ins":[{"il":"plural","ifc":"-turns","if":"returns"}],"def":[{"sseq":[[["sense",{"sn":"1","sgram":"singular","dt":[["text","{bc}the act of coming or going back to the place you started from or to a place where you were before "],["vis",[{"t":"We are looking forward to your {it}return{/it}."},{"t":"We're looking forward to our {it}return{/it} to Europe."},{"t":"What is the date of her {it}return{/it} from Mexico? [=when is she coming back from Mexico?]"},{"t":"{phrase}Upon/on his return{/phrase} [=(less formally) when he returned; when he came back], he found a note taped to the door."},{"t":"The bad weather delayed his {phrase}return home{/phrase}. [=his return to his home]"},{"t":"I stopped by your house {phrase}on my return home{/phrase}. [=on my way home]"},{"t":"She became sick {phrase}on her return from{/phrase} America. [=she became sick at the time she returned from America]"}]]]}]],[["sense",{"sn":"2","sgram":"singular","dt":[["text","{bc}the act of going back to an activity, job, situation, etc. {bc}the act of starting to do something again after stopping "],["vis",[{"t":"The team looked forward to his {it}return{/it} to coaching."},{"t":"a {it}return{/it} to the old ways of farming"},{"t":"He managed the team last year, so his {phrase}return as{/phrase} a player [=his return to the team as a player and not as a manager] was a surprise."}]]]}]],[["sen",{"sn":"3","sgram":"singular"}],["sense",{"sn":"a","dt":[["text","{bc}the fact that something (such as a condition, feeling, or situation) happens again"],["uns",[[["text","+ {it}of{/it} "],["vis",[{"t":"the {it}return of{/it} peace to the region"},{"t":"Scientists noticed a {it}return{/it} [={it}recurrence{/it}] {it}of{/it} the disease in the monkeys."},{"t":"She noticed a {it}return of{/it} his old habits."},{"t":"the {it}return of{/it} spring"}]]]]]]}],["sense",{"sn":"b","dt":[["text","{bc}the fact that someone or something changes {it}to{/it} a condition or state that existed before "],["vis",[{"t":"the department's {it}return to{/it} normal"},{"t":"The people celebrated their leader's {it}return to{/it} power."}]]]}]],[["sense",{"sn":"4","sgram":"singular","dt":[["text","{bc}the act of taking someone or something back to the proper place"],["uns",[[["text","+ {it}of{/it} "],["vis",[{"t":"The police arranged for the {it}return of{/it} the stolen goods. [=for the goods to be taken to the place they were stolen from]"},{"t":"The mother demanded a {phrase}safe return{/phrase} {it}of{/it} her child. [=demanded that her child would be brought back to her and not be hurt]"}]]]]]]}]],[["sense",{"sn":"5 a","sgram":"count","dt":[["text","{bc}something that is brought or sent back to a store or business because it does not work or fit properly, is damaged, is not needed, etc. "],["vis",[{"t":"The store does not accept {it}returns{/it} more than 30 days after purchase."}]]]}],["sense",{"sn":"b","bnote":"returns","sgram":"plural","sls":["chiefly US"],"dt":[["text","{bc}empty cans or bottles that are brought back to a store so that they can be used again"]]}]],[["sense",{"sn":"6","sls":["finance"],"dt":[["text","{bc}the profit from an investment or business "],["wsgram","count"],["vis",[{"t":"Investors are promised a {it}return{/it}."},{"t":"The company had poor {it}returns{/it} last year."}]],["uns",[[["text","often + {it}on{/it} "],["vis",[{"t":"He received a large {it}return on{/it} his investment. [=he made a lot of money on his investment]"}]]]]],["wsgram","noncount"],["vis",[{"t":"The stock has had a high rate of {it}return{/it}."}]],["uns",[[["text","sometimes used figuratively "],["vis",[{"t":"Her son's success in college was an excellent {it}return{/it} on her investment."},{"t":"She expected some {it}return{/it} from the company for all her years of loyal service."}]]]]]]}]],[["sense",{"sn":"7","bnote":"returns","sgram":"plural","dt":[["text","{bc}a report of the results of voting "],["vis",[{"t":"election {it}returns{/it}"}]]]}]],[["sense",{"sn":"8","sgram":"count","dt":[["text","{bc}a report that you send to the government about the money that you have earned and the taxes that you have paid in one year "],["vis",[{"t":"He has copies of his {it}returns{/it} for the last 15 years."},{"t":"We filed our {phrase}(income) tax return{/phrase}. [=we sent our tax return to the government]"},{"t":"He filed his 2007 {it}tax return{/it} in February of 2008."}]]]}]],[["sense",{"sn":"9","sgram":"count","sls":["sports"],"dt":[["text","{bc}the act of returning a ball "],["vis",[{"t":"({it}tennis{/it}) She hit a powerful {it}return{/it}. [=she hit back the ball that was served to her very hard]"},{"t":"({it}American football{/it}) a 50-yard kickoff/punt/fumble {it}return{/it} [=a 50-yard run with the ball after getting it on a kickoff/punt/fumble]"}]]]}]],[["sense",{"sn":"10","sgram":"count","sls":["British"],"dt":[["text","{bc}a ticket for a trip that takes you to a place and back to the place you started from {bc}a round-trip ticket "],["vis",[{"t":"One {it}return{/it} is often less expensive than buying two one-way tickets."},{"t":"a {phrase}day return{/phrase} [=a reduced-price ticket for traveling to a place and back on the same day]"}]]]}]]]}],"dros":[{"drp":"by return","vrs":[{"vl":"or","va":"by return of post"}],"def":[{"sseq":[[["sense",{"sls":["British"],"dt":[["text","{bc}immediately by mail "],["vis",[{"t":"I replied {it}by return of post{/it}."},{"t":"I wrote you {it}by return{/it}."}]]]}]]]}]},{"drp":"happy returns","def":[{"sseq":[[["sense",{"sls":["old fashioned"],"dt":[["uns",[[["text","used for wishing someone a happy birthday and to express the hope that he or she will live to celebrate many more birthdays in the future "],["vis",[{"t":"They wished me (many) {it}happy returns{/it}."}]]]]]]}]]]}]},{"drp":"in return","def":[{"sseq":[[["sense",{"dt":[["text","{bc}in payment or exchange "],["vis",[{"t":"He helps out and expects nothing {it}in return{/it}."},{"t":"He will not help unless he gets something {it}in return{/it}."},{"t":"The prisoner told the police who had ordered the killing. {it}In return{/it}, his sentence was reduced by two years."}]],["uns",[[["text","often + {it}for{/it} "],["vis",[{"t":"I will lend you the money {it}in return for{/it} a favor."},{"t":"He worked {it}in return for{/it} a free meal."}]]]]]]}]]]}]}],"dxnls":["see also {dxt|point of no return||}"],"shortdef":["the act of coming or going back to the place you started from or to a place where you were before","the act of going back to an activity, job, situation, etc. : the act of starting to do something again after stopping","the fact that something (such as a condition, feeling, or situation) happens again—+ of"]}]